tile_id,split,n_geoglyphs,filename,lon,lat,max_lat,min_lat,max_lon,min_lon
173236,test,21,HUM_A01_2013_laz_11.laz,-67.69635649999996,-9.761635117170169,-9.75843667,-9.760192928,-67.65067597,-67.65979808
173236,test,21,HUM_A01_2013_laz_10.laz,-67.69635649999996,-9.761635117170169,-9.758472648,-9.759542583,-67.65979402,-67.66792876
173236,test,21,HUM_A01_2018_LAS_8.laz,-67.69635649999996,-9.761635117170169,-9.756715669,-9.760068008,-67.6524352,-67.66156368
173236,test,21,HUM_A01_2018_LAS_5.laz,-67.69635649999996,-9.761635117170169,-9.756751593,-9.759410928,-67.66155326,-67.66793571
173236,test,21,HUM_A01_2013_laz_6.laz,-67.69635649999996,-9.761635117170169,-9.750407936,-9.758472557,-67.65068289,-67.65983016
173236,test,21,HUM_A01_2013_laz_7.laz,-67.69635649999996,-9.761635117170169,-9.749886702,-9.758504306,-67.65979817,-67.66792785
173236,test,21,HUM_A01_2018_LAS_3.laz,-67.69635649999996,-9.761635117170169,-9.750283959,-9.756751502,-67.65244853,-67.66158935
173236,test,21,HUM_A01_2018_LAS_6.laz,-67.69635649999996,-9.761635117170169,-9.749894152,-9.756775828,-67.66156378,-67.66779869
173237,test,1,HUM_A01_2013_laz_0.laz,-67.62135949999997,-9.761635117170169,-9.758322641,-9.762156503,-67.62217529,-67.62333717
173237,test,1,HUM_A01_2013_laz_1.laz,-67.62135949999997,-9.761635117170169,-9.758327275,-9.76212966,-67.62332179,-67.63245234
173237,test,1,HUM_A01_2013_laz_4.laz,-67.62135949999997,-9.761635117170169,-9.758363983,-9.761484272,-67.63243985,-67.64156755
173237,test,1,HUM_A01_2013_laz_5.laz,-67.62135949999997,-9.761635117170169,-9.758400449,-9.760838182,-67.64155791,-67.6506828
173237,test,1,HUM_A01_2018_LAS_4.laz,-67.62135949999997,-9.761635117170169,-9.756594172,-9.762163426,-67.62204449,-67.62510293
173237,test,1,HUM_A01_2013_laz_11.laz,-67.62135949999997,-9.761635117170169,-9.75843667,-9.760192928,-67.65067597,-67.65979808
173237,test,1,HUM_A01_2018_LAS_9.laz,-67.62135949999997,-9.761635117170169,-9.756606434,-9.762005155,-67.62508103,-67.63421807
173237,test,1,HUM_A01_2013_laz_10.laz,-67.62135949999997,-9.761635117170169,-9.758472648,-9.759542583,-67.65979402,-67.66792876
173237,test,1,HUM_A01_2018_LAS_10.laz,-67.62135949999997,-9.761635117170169,-9.756643089,-9.761359718,-67.63419909,-67.64333324
173237,test,1,HUM_A01_2018_LAS_11.laz,-67.62135949999997,-9.761635117170169,-9.756679501,-9.760713671,-67.64331715,-67.65244844
173237,test,1,HUM_A01_2018_LAS_8.laz,-67.62135949999997,-9.761635117170169,-9.756715669,-9.760068008,-67.6524352,-67.66156368
173237,test,1,HUM_A01_2018_LAS_5.laz,-67.62135949999997,-9.761635117170169,-9.756751593,-9.759410928,-67.66155326,-67.66793571
173237,test,1,HUM_A01_2013_laz_3.laz,-67.62135949999997,-9.761635117170169,-9.75301968,-9.758327184,-67.62179689,-67.62335893
173237,test,1,HUM_A01_2013_laz_2.laz,-67.62135949999997,-9.761635117170169,-9.752344764,-9.758363893,-67.62333726,-67.63247674
173237,test,1,HUM_A01_2013_laz_9.laz,-67.62135949999997,-9.761635117170169,-9.751699494,-9.758400358,-67.63245243,-67.64159455
173237,test,1,HUM_A01_2018_LAS_7.laz,-67.62135949999997,-9.761635117170169,-9.752888756,-9.756606343,-67.62180527,-67.62511812
173237,test,1,HUM_A01_2013_laz_8.laz,-67.62135949999997,-9.761635117170169,-9.751054065,-9.758436579,-67.64156764,-67.65071235
173237,test,1,HUM_A01_2013_laz_6.laz,-67.62135949999997,-9.761635117170169,-9.750407936,-9.758472557,-67.65068289,-67.65983016
173237,test,1,HUM_A01_2018_LAS_2.laz,-67.62135949999997,-9.761635117170169,-9.752219485,-9.756642998,-67.62510302,-67.63423593
173237,test,1,HUM_A01_2013_laz_7.laz,-67.62135949999997,-9.761635117170169,-9.749886702,-9.758504306,-67.65979817,-67.66792785
173237,test,1,HUM_A01_2018_LAS_1.laz,-67.62135949999997,-9.761635117170169,-9.751574981,-9.75667941,-67.63421816,-67.64335374
173237,test,1,HUM_A01_2018_LAS_0.laz,-67.62135949999997,-9.761635117170169,-9.750928781,-9.756715578,-67.64333333,-67.65247155
173237,test,1,HUM_A01_2018_LAS_3.laz,-67.62135949999997,-9.761635117170169,-9.750283959,-9.756751502,-67.65244853,-67.66158935
173237,test,1,HUM_A01_2018_LAS_6.laz,-67.62135949999997,-9.761635117170169,-9.749894152,-9.756775828,-67.66156378,-67.66779869
173844,test,27,BON_A01_2018_LAS_11.laz,-67.32137149999997,-9.83663209958554,-9.87498935,-9.884074303,-67.29274727,-67.30157643
173844,test,27,BON_A01_2018_LAS_0.laz,-67.32137149999997,-9.83663209958554,-9.874943015,-9.884029858,-67.28363013,-67.29279381
173844,test,27,BON_A01_2018_LAS_5.laz,-67.32137149999997,-9.83663209958554,-9.874896434,-9.88398348,-67.27451302,-67.28367691
173844,test,27,BON_A01_2013_laz_13.laz,-67.32137149999997,-9.83663209958554,-9.874371867,-9.883447605,-67.29456893,-67.30157956
173844,test,27,BON_A01_2013_laz_11.laz,-67.32137149999997,-9.83663209958554,-9.874325584,-9.883412384,-67.28545178,-67.29461541
173844,test,27,BON_A01_2013_laz_1.laz,-67.32137149999997,-9.83663209958554,-9.874279055,-9.883366058,-67.27633469,-67.28549851
173844,test,27,BON_A01_2013_laz_7.laz,-67.32137149999997,-9.83663209958554,-9.8712826,-9.874387154,-67.2946155,-67.29767123
173844,test,27,BON_A01_2018_LAS_9.laz,-67.32137149999997,-9.83663209958554,-9.869417988,-9.87501696,-67.2927939,-67.29829614
173844,test,27,BON_A01_2018_LAS_4.laz,-67.32137149999997,-9.83663209958554,-9.865902454,-9.874989259,-67.283677,-67.29284039
173844,test,27,BON_A01_2018_LAS_1.laz,-67.32137149999997,-9.83663209958554,-9.865855916,-9.874942924,-67.27456014,-67.28372374
173844,test,27,BON_A01_2013_laz_5.laz,-67.32137149999997,-9.83663209958554,-9.865285014,-9.874371776,-67.2854986,-67.29466193
173844,test,27,BON_A01_2013_laz_8.laz,-67.32137149999997,-9.83663209958554,-9.865238528,-9.874325493,-67.27638176,-67.28554529
173844,test,27,BON_A01_2013_laz_12.laz,-67.32137149999997,-9.83663209958554,-9.86194832,-9.865301573,-67.28554538,-67.28883957
173844,test,27,BON_A01_2018_LAS_8.laz,-67.32137149999997,-9.83663209958554,-9.860088648,-9.86593139,-67.28372383,-67.28946448
173844,test,27,BON_A01_2018_LAS_12.laz,-67.32137149999997,-9.83663209958554,-9.858843522,-9.865902363,-67.27527455,-67.28376004
173844,test,27,BON_A01_2013_laz_2.laz,-67.32137149999997,-9.83663209958554,-9.858848772,-9.865284924,-67.27642878,-67.28557832
173845,test,35,BON_A01_2018_LAS_0.laz,-67.24637449999997,-9.836632099585543,-9.874943015,-9.884029858,-67.28363013,-67.29279381
173845,test,35,BON_A01_2018_LAS_5.laz,-67.24637449999997,-9.836632099585543,-9.874896434,-9.88398348,-67.27451302,-67.28367691
173845,test,35,BON_A01_2013_laz_11.laz,-67.24637449999997,-9.836632099585543,-9.874325584,-9.883412384,-67.28545178,-67.29461541
173845,test,35,BON_A01_2013_laz_1.laz,-67.24637449999997,-9.836632099585543,-9.874279055,-9.883366058,-67.27633469,-67.28549851
173845,test,35,BON_A01_2013_laz_3.laz,-67.24637449999997,-9.836632099585543,-9.874257674,-9.878529908,-67.27218645,-67.27638167
173845,test,35,BON_A01_2018_LAS_6.laz,-67.24637449999997,-9.836632099585543,-9.874887518,-9.876667741,-67.27281151,-67.27456005
173845,test,35,BON_A01_2018_LAS_2.laz,-67.24637449999997,-9.836632099585543,-9.866477315,-9.874896343,-67.26943658,-67.27460376
173845,test,35,BON_A01_2018_LAS_4.laz,-67.24637449999997,-9.836632099585543,-9.865902454,-9.874989259,-67.283677,-67.29284039
173845,test,35,BON_A01_2018_LAS_1.laz,-67.24637449999997,-9.836632099585543,-9.865855916,-9.874942924,-67.27456014,-67.28372374
173845,test,35,BON_A01_2013_laz_5.laz,-67.24637449999997,-9.836632099585543,-9.865285014,-9.874371776,-67.2854986,-67.29466193
173845,test,35,BON_A01_2013_laz_8.laz,-67.24637449999997,-9.836632099585543,-9.865238528,-9.874325493,-67.27638176,-67.28554529
173845,test,35,BON_A01_2013_laz_10.laz,-67.24637449999997,-9.836632099585543,-9.865202963,-9.874278964,-67.26943913,-67.27642869
173845,test,35,BON_A01_2013_laz_0.laz,-67.24637449999997,-9.836632099585543,-9.864751026,-9.865238438,-67.27592637,-67.27643121
173845,test,35,BON_A01_2013_laz_12.laz,-67.24637449999997,-9.836632099585543,-9.86194832,-9.865301573,-67.28554538,-67.28883957
173845,test,35,BON_A01_2018_LAS_8.laz,-67.24637449999997,-9.836632099585543,-9.860088648,-9.86593139,-67.28372383,-67.28946448
173845,test,35,BON_A01_2018_LAS_12.laz,-67.24637449999997,-9.836632099585543,-9.858843522,-9.865902363,-67.27527455,-67.28376004
173845,test,35,BON_A01_2013_laz_2.laz,-67.24637449999997,-9.836632099585543,-9.858848772,-9.865284924,-67.27642878,-67.28557832
174443,test,41,RIB_A01_2018_LAS_5.laz,-67.62135949999998,-9.911629082017374,-9.940964847,-9.947451631,-67.57519085,-67.58169138
174443,test,41,RIB_A01_2014_laz_3.laz,-67.62135949999998,-9.911629082017374,-9.938977081,-9.945706016,-67.57695836,-67.58370564
174443,test,41,RIB_A01_2018_LAS_12.laz,-67.62135949999998,-9.911629082017374,-9.931923053,-9.941003456,-67.57521883,-67.58437763
174443,test,41,RIB_A01_2018_LAS_14.laz,-67.62135949999998,-9.911629082017374,-9.931961716,-9.938395233,-67.58435017,-67.59080279
174443,test,41,RIB_A01_2014_laz_6.laz,-67.62135949999998,-9.911629082017374,-9.929935278,-9.939015633,-67.57698734,-67.58614604
174443,test,41,RIB_A01_2014_laz_5.laz,-67.62135949999998,-9.911629082017374,-9.929973886,-9.936650076,-67.58611758,-67.59281338
174443,test,41,RIB_A01_2018_LAS_16.laz,-67.62135949999998,-9.911629082017374,-9.922919881,-9.931997779,-67.58437772,-67.59299742
174443,test,41,RIB_A01_2018_LAS_6.laz,-67.62135949999998,-9.911629082017374,-9.922881253,-9.931961625,-67.57525797,-67.58441648
174443,test,41,RIB_A01_2014_laz_9.laz,-67.62135949999998,-9.911629082017374,-9.922805693,-9.930002512,-67.58614613,-67.59299848
174443,test,41,RIB_A01_2014_laz_10.laz,-67.62135949999998,-9.911629082017374,-9.92089347,-9.929973795,-67.57702643,-67.58618483
174443,test,41,RIB_A01_2018_LAS_17.laz,-67.62135949999998,-9.911629082017374,-9.920987097,-9.922927712,-67.58441657,-67.5863023
174443,test,41,RIB_A01_2018_LAS_0.laz,-67.62135949999998,-9.911629082017374,-9.913839448,-9.92291979,-67.57529707,-67.5844553
174443,test,41,RIB_A01_2014_laz_16.laz,-67.62135949999998,-9.911629082017374,-9.913386324,-9.920924268,-67.57706547,-67.58439581
174444,test,26,RIB_A01_2014_laz_4.laz,-67.54636249999999,-9.911629082017372,-9.947995292,-9.949660995,-67.57140829,-67.57460014
174444,test,26,RIB_A01_2018_LAS_11.laz,-67.54636249999999,-9.911629082017372,-9.9409259,-9.949660698,-67.56606095,-67.57521874
174444,test,26,RIB_A01_2018_LAS_5.laz,-67.54636249999999,-9.911629082017372,-9.940964847,-9.947451631,-67.57519085,-67.58169138
174444,test,26,RIB_A01_2014_laz_2.laz,-67.54636249999999,-9.911629082017372,-9.938938189,-9.948018788,-67.56782806,-67.57698725
174444,test,26,RIB_A01_2014_laz_3.laz,-67.54636249999999,-9.911629082017372,-9.938977081,-9.945706016,-67.57695836,-67.58370564
174444,test,26,RIB_A01_2018_LAS_10.laz,-67.54636249999999,-9.911629082017372,-9.940920869,-9.942195723,-67.5649195,-67.56609878
174444,test,26,RIB_A01_2014_laz_1.laz,-67.54636249999999,-9.911629082017372,-9.938917693,-9.944103928,-67.56306203,-67.56786734
174444,test,26,RIB_A01_2018_LAS_12.laz,-67.54636249999999,-9.911629082017372,-9.931923053,-9.941003456,-67.57521883,-67.58437763
174444,test,26,RIB_A01_2018_LAS_4.laz,-67.54636249999999,-9.911629082017372,-9.931884141,-9.940964757,-67.56609887,-67.57525788
174444,test,26,RIB_A01_2018_LAS_3.laz,-67.54636249999999,-9.911629082017372,-9.931844981,-9.940925809,-67.55697894,-67.56613817
174444,test,26,RIB_A01_2018_LAS_14.laz,-67.54636249999999,-9.911629082017372,-9.931961716,-9.938395233,-67.58435017,-67.59080279
174444,test,26,RIB_A01_2014_laz_6.laz,-67.54636249999999,-9.911629082017372,-9.929935278,-9.939015633,-67.57698734,-67.58614604
174444,test,26,RIB_A01_2014_laz_7.laz,-67.54636249999999,-9.911629082017372,-9.929896422,-9.93897699,-67.56786743,-67.57702634
174444,test,26,RIB_A01_2014_laz_8.laz,-67.54636249999999,-9.911629082017372,-9.929857318,-9.938938098,-67.55874755,-67.56790667
174444,test,26,RIB_A01_2014_laz_5.laz,-67.54636249999999,-9.911629082017372,-9.929973886,-9.936650076,-67.58611758,-67.59281338
174444,test,26,RIB_A01_2018_LAS_13.laz,-67.54636249999999,-9.911629082017372,-9.931843147,-9.932300865,-67.55659088,-67.55701849
174444,test,26,RIB_A01_2014_laz_0.laz,-67.54636249999999,-9.911629082017372,-9.929839945,-9.934210007,-67.5547348,-67.55878705
174444,test,26,RIB_A01_2018_LAS_7.laz,-67.54636249999999,-9.911629082017372,-9.923397259,-9.93184489,-67.55264708,-67.55705541
174444,test,26,RIB_A01_2018_LAS_16.laz,-67.54636249999999,-9.911629082017372,-9.922919881,-9.931997779,-67.58437772,-67.59299742
174444,test,26,RIB_A01_2018_LAS_6.laz,-67.54636249999999,-9.911629082017372,-9.922881253,-9.931961625,-67.57525797,-67.58441648
174444,test,26,RIB_A01_2018_LAS_2.laz,-67.54636249999999,-9.911629082017372,-9.922842377,-9.931922962,-67.56613826,-67.57529698
174444,test,26,RIB_A01_2018_LAS_1.laz,-67.54636249999999,-9.911629082017372,-9.922803254,-9.93188405,-67.55701858,-67.56617752
174444,test,26,RIB_A01_2014_laz_9.laz,-67.54636249999999,-9.911629082017372,-9.922805693,-9.930002512,-67.58614613,-67.59299848
174444,test,26,RIB_A01_2014_laz_17.laz,-67.54636249999999,-9.911629082017372,-9.921719117,-9.929857227,-67.55265567,-67.55882253
174444,test,26,RIB_A01_2014_laz_10.laz,-67.54636249999999,-9.911629082017372,-9.92089347,-9.929973795,-67.57702643,-67.58618483
174444,test,26,RIB_A01_2014_laz_11.laz,-67.54636249999999,-9.911629082017372,-9.92085465,-9.929935187,-67.56790676,-67.57706538
174444,test,26,RIB_A01_2014_laz_12.laz,-67.54636249999999,-9.911629082017372,-9.920815583,-9.929896331,-67.55878714,-67.56794597
174444,test,26,RIB_A01_2018_LAS_17.laz,-67.54636249999999,-9.911629082017372,-9.920987097,-9.922927712,-67.58441657,-67.5863023
174444,test,26,RIB_A01_2018_LAS_8.laz,-67.54636249999999,-9.911629082017372,-9.91472741,-9.922842286,-67.55770074,-67.56621265
174444,test,26,RIB_A01_2018_LAS_0.laz,-67.54636249999999,-9.911629082017372,-9.913839448,-9.92291979,-67.57529707,-67.5844553
174444,test,26,RIB_A01_2018_LAS_9.laz,-67.54636249999999,-9.911629082017372,-9.913800609,-9.922881162,-67.56617761,-67.57533605
174444,test,26,RIB_A01_2014_laz_16.laz,-67.54636249999999,-9.911629082017372,-9.913386324,-9.920924268,-67.57706547,-67.58439581
174444,test,26,RIB_A01_2014_laz_13.laz,-67.54636249999999,-9.911629082017372,-9.91305834,-9.920854559,-67.55980209,-67.56797967
174444,test,26,RIB_A01_2014_laz_15.laz,-67.54636249999999,-9.911629082017372,-9.911812873,-9.920893379,-67.56794606,-67.57710439
174444,test,26,RIB_A01_2018_LAS_18.laz,-67.54636249999999,-9.911629082017372,-9.911570135,-9.913848721,-67.57533614,-67.57755305
174444,test,26,RIB_A01_2018_LAS_15.laz,-67.54636249999999,-9.911629082017372,-9.908701199,-9.913839357,-67.56722633,-67.57535808
174444,test,26,RIB_A01_2014_laz_14.laz,-67.54636249999999,-9.911629082017372,-9.908711126,-9.911845234,-67.56932966,-67.57562481
174447,test,10,BON_A01_2018_LAS_3.laz,-67.32137149999997,-9.91162908201737,-9.883983571,-9.890972402,-67.2835941,-67.29274718
174447,test,10,BON_A01_2013_laz_6.laz,-67.32137149999997,-9.91162908201737,-9.883366149,-9.890981177,-67.28541255,-67.29456883
174447,test,10,BON_A01_2013_laz_9.laz,-67.32137149999997,-9.91162908201737,-9.883343633,-9.887861206,-67.28101456,-67.28545169
174447,test,10,BON_A01_2018_LAS_10.laz,-67.32137149999997,-9.91162908201737,-9.884029949,-9.88685588,-67.29273277,-67.29565775
174447,test,10,BON_A01_2018_LAS_7.laz,-67.32137149999997,-9.91162908201737,-9.883973458,-9.885998529,-67.28163814,-67.28363003
174447,test,10,BON_A01_2013_laz_4.laz,-67.32137149999997,-9.91162908201737,-9.883412475,-9.885101313,-67.29456027,-67.2963103
174447,test,10,BON_A01_2018_LAS_11.laz,-67.32137149999997,-9.91162908201737,-9.87498935,-9.884074303,-67.29274727,-67.30157643
174447,test,10,BON_A01_2018_LAS_0.laz,-67.32137149999997,-9.91162908201737,-9.874943015,-9.884029858,-67.28363013,-67.29279381
174447,test,10,BON_A01_2018_LAS_5.laz,-67.32137149999997,-9.91162908201737,-9.874896434,-9.88398348,-67.27451302,-67.28367691
174447,test,10,BON_A01_2013_laz_13.laz,-67.32137149999997,-9.91162908201737,-9.874371867,-9.883447605,-67.29456893,-67.30157956
174447,test,10,BON_A01_2013_laz_11.laz,-67.32137149999997,-9.91162908201737,-9.874325584,-9.883412384,-67.28545178,-67.29461541
174447,test,10,BON_A01_2013_laz_1.laz,-67.32137149999997,-9.91162908201737,-9.874279055,-9.883366058,-67.27633469,-67.28549851
174447,test,10,BON_A01_2013_laz_7.laz,-67.32137149999997,-9.91162908201737,-9.8712826,-9.874387154,-67.2946155,-67.29767123
174447,test,10,BON_A01_2018_LAS_9.laz,-67.32137149999997,-9.91162908201737,-9.869417988,-9.87501696,-67.2927939,-67.29829614
174447,test,10,BON_A01_2018_LAS_4.laz,-67.32137149999997,-9.91162908201737,-9.865902454,-9.874989259,-67.283677,-67.29284039
174447,test,10,BON_A01_2018_LAS_1.laz,-67.32137149999997,-9.91162908201737,-9.865855916,-9.874942924,-67.27456014,-67.28372374
174447,test,10,BON_A01_2013_laz_5.laz,-67.32137149999997,-9.91162908201737,-9.865285014,-9.874371776,-67.2854986,-67.29466193
174447,test,10,BON_A01_2013_laz_8.laz,-67.32137149999997,-9.91162908201737,-9.865238528,-9.874325493,-67.27638176,-67.28554529
174448,test,3,BON_A01_2018_LAS_3.laz,-67.24637449999997,-9.91162908201737,-9.883983571,-9.890972402,-67.2835941,-67.29274718
174448,test,3,BON_A01_2013_laz_6.laz,-67.24637449999997,-9.91162908201737,-9.883366149,-9.890981177,-67.28541255,-67.29456883
174448,test,3,BON_A01_2013_laz_9.laz,-67.24637449999997,-9.91162908201737,-9.883343633,-9.887861206,-67.28101456,-67.28545169
174448,test,3,BON_A01_2018_LAS_7.laz,-67.24637449999997,-9.91162908201737,-9.883973458,-9.885998529,-67.28163814,-67.28363003
174448,test,3,BON_A01_2018_LAS_0.laz,-67.24637449999997,-9.91162908201737,-9.874943015,-9.884029858,-67.28363013,-67.29279381
174448,test,3,BON_A01_2018_LAS_5.laz,-67.24637449999997,-9.91162908201737,-9.874896434,-9.88398348,-67.27451302,-67.28367691
174448,test,3,BON_A01_2013_laz_11.laz,-67.24637449999997,-9.91162908201737,-9.874325584,-9.883412384,-67.28545178,-67.29461541
174448,test,3,BON_A01_2013_laz_1.laz,-67.24637449999997,-9.91162908201737,-9.874279055,-9.883366058,-67.27633469,-67.28549851
174448,test,3,BON_A01_2013_laz_3.laz,-67.24637449999997,-9.91162908201737,-9.874257674,-9.878529908,-67.27218645,-67.27638167
174448,test,3,BON_A01_2018_LAS_6.laz,-67.24637449999997,-9.91162908201737,-9.874887518,-9.876667741,-67.27281151,-67.27456005
174448,test,3,BON_A01_2018_LAS_2.laz,-67.24637449999997,-9.91162908201737,-9.866477315,-9.874896343,-67.26943658,-67.27460376
174448,test,3,BON_A01_2018_LAS_4.laz,-67.24637449999997,-9.91162908201737,-9.865902454,-9.874989259,-67.283677,-67.29284039
174448,test,3,BON_A01_2018_LAS_1.laz,-67.24637449999997,-9.91162908201737,-9.865855916,-9.874942924,-67.27456014,-67.28372374
174448,test,3,BON_A01_2013_laz_5.laz,-67.24637449999997,-9.91162908201737,-9.865285014,-9.874371776,-67.2854986,-67.29466193
174448,test,3,BON_A01_2013_laz_8.laz,-67.24637449999997,-9.91162908201737,-9.865238528,-9.874325493,-67.27638176,-67.28554529
174448,test,3,BON_A01_2013_laz_10.laz,-67.24637449999997,-9.91162908201737,-9.865202963,-9.874278964,-67.26943913,-67.27642869
175046,test,7,RIB_A01_2018_LAS_5.laz,-67.6213595,-9.986626064465765,-9.940964847,-9.947451631,-67.57519085,-67.58169138
175047,test,10,RIB_A01_2014_laz_4.laz,-67.5463625,-9.986626064465765,-9.947995292,-9.949660995,-67.57140829,-67.57460014
175047,test,10,RIB_A01_2018_LAS_11.laz,-67.5463625,-9.986626064465765,-9.9409259,-9.949660698,-67.56606095,-67.57521874
175047,test,10,RIB_A01_2018_LAS_5.laz,-67.5463625,-9.986626064465765,-9.940964847,-9.947451631,-67.57519085,-67.58169138
175047,test,10,RIB_A01_2014_laz_2.laz,-67.5463625,-9.986626064465765,-9.938938189,-9.948018788,-67.56782806,-67.57698725
176850,test,11,TAL_A01_2018_LAS_6.laz,-67.99634449999996,-10.2116170119116,-10.250474,-10.25954554,-67.97629799,-67.98545703
176850,test,11,TAL_A01_2018_LAS_8.laz,-67.99634449999996,-10.2116170119116,-10.25044512,-10.25951689,-67.96716767,-67.97632694
176850,test,11,TAL_A01_2018_LAS_2.laz,-67.99634449999996,-10.2116170119116,-10.25050263,-10.25937454,-67.98542897,-67.99371029
176850,test,11,TAL_A01_2013_laz_2.laz,-67.99634449999996,-10.2116170119116,-10.24802683,-10.25694991,-67.96816764,-67.97732633
176850,test,11,TAL_A01_2013_laz_5.laz,-67.99634449999996,-10.2116170119116,-10.24793561,-10.2570011,-67.98642816,-67.99371721
176850,test,11,TAL_A01_2013_laz_7.laz,-67.99634449999996,-10.2116170119116,-10.24790702,-10.25697853,-67.97729789,-67.98645682
176850,test,11,TAL_A01_2018_LAS_0.laz,-67.99634449999996,-10.2116170119116,-10.24846725,-10.25047391,-67.97176392,-67.97633334
176850,test,11,TAL_A01_2018_LAS_1.laz,-67.99634449999996,-10.2116170119116,-10.24450156,-10.25050254,-67.97632704,-67.98547603
176850,test,11,TAL_A01_2018_LAS_3.laz,-67.99634449999996,-10.2116170119116,-10.24333884,-10.25052096,-67.98545712,-67.99139992
176850,test,11,TAL_A01_2013_laz_8.laz,-67.99634449999996,-10.2116170119116,-10.24407512,-10.24793552,-67.97766617,-67.986469
176850,test,11,TAL_A01_2013_laz_4.laz,-67.99634449999996,-10.2116170119116,-10.24334022,-10.24794729,-67.98645691,-67.9902565
177453,test,1,TAL_A01_2013_laz_10.laz,-67.99634449999996,-10.286613994427482,-10.265954,-10.26783706,-67.96496598,-67.96813825
177453,test,1,TAL_A01_2013_laz_0.laz,-67.99634449999996,-10.286613994427482,-10.26596408,-10.26682859,-67.96813556,-67.97010167
177453,test,1,TAL_A01_2018_LAS_4.laz,-67.99634449999996,-10.286613994427482,-10.25947198,-10.26783707,-67.9620925,-67.96716758
177453,test,1,TAL_A01_2018_LAS_5.laz,-67.99634449999996,-10.286613994427482,-10.25948808,-10.26728092,-67.96714249,-67.9762979
177453,test,1,TAL_A01_2013_laz_1.laz,-67.99634449999996,-10.286613994427482,-10.25692113,-10.26599289,-67.96813834,-67.9772978
177453,test,1,TAL_A01_2013_laz_9.laz,-67.99634449999996,-10.286613994427482,-10.25689823,-10.26596399,-67.9609532,-67.96816755
177453,test,1,TAL_A01_2018_LAS_9.laz,-67.99634449999996,-10.286613994427482,-10.25951698,-10.26332853,-67.97628583,-67.98497356
177453,test,1,TAL_A01_2013_laz_6.laz,-67.99634449999996,-10.286613994427482,-10.25695,-10.26289826,-67.97727888,-67.98642807
177453,test,1,TAL_A01_2013_laz_3.laz,-67.99634449999996,-10.286613994427482,-10.25697862,-10.25893191,-67.98642199,-67.99087307
177453,test,1,TAL_A01_2018_LAS_7.laz,-67.99634449999996,-10.286613994427482,-10.2524146,-10.25948798,-67.96031027,-67.96719043
177453,test,1,TAL_A01_2018_LAS_6.laz,-67.99634449999996,-10.286613994427482,-10.250474,-10.25954554,-67.97629799,-67.98545703
177453,test,1,TAL_A01_2018_LAS_8.laz,-67.99634449999996,-10.286613994427482,-10.25044512,-10.25951689,-67.96716767,-67.97632694
177453,test,1,TAL_A01_2018_LAS_2.laz,-67.99634449999996,-10.286613994427482,-10.25050263,-10.25937454,-67.98542897,-67.99371029
177453,test,1,TAL_A01_2013_laz_11.laz,-67.99634449999996,-10.286613994427482,-10.25198091,-10.25692104,-67.9603193,-67.96818346
177453,test,1,TAL_A01_2013_laz_2.laz,-67.99634449999996,-10.286613994427482,-10.24802683,-10.25694991,-67.96816764,-67.97732633
177453,test,1,TAL_A01_2013_laz_5.laz,-67.99634449999996,-10.286613994427482,-10.24793561,-10.2570011,-67.98642816,-67.99371721
177453,test,1,TAL_A01_2013_laz_7.laz,-67.99634449999996,-10.286613994427482,-10.24790702,-10.25697853,-67.97729789,-67.98645682
177453,test,1,TAL_A01_2018_LAS_0.laz,-67.99634449999996,-10.286613994427482,-10.24846725,-10.25047391,-67.97176392,-67.97633334
177453,test,1,TAL_A01_2018_LAS_1.laz,-67.99634449999996,-10.286613994427482,-10.24450156,-10.25050254,-67.97632704,-67.98547603
177453,test,1,TAL_A01_2018_LAS_3.laz,-67.99634449999996,-10.286613994427482,-10.24333884,-10.25052096,-67.98545712,-67.99139992
177453,test,1,TAL_A01_2013_laz_8.laz,-67.99634449999996,-10.286613994427482,-10.24407512,-10.24793552,-67.97766617,-67.986469
177453,test,1,TAL_A01_2013_laz_4.laz,-67.99634449999996,-10.286613994427482,-10.24334022,-10.24794729,-67.98645691,-67.9902565
177454,test,12,TAL_A01_2013_laz_9.laz,-67.92134749999995,-10.286613994427482,-10.25689823,-10.26596399,-67.9609532,-67.96816755
177454,test,12,TAL_A01_2018_LAS_7.laz,-67.92134749999995,-10.286613994427482,-10.2524146,-10.25948798,-67.96031027,-67.96719043
177454,test,12,TAL_A01_2013_laz_11.laz,-67.92134749999995,-10.286613994427482,-10.25198091,-10.25692104,-67.9603193,-67.96818346
119739,test,0,TAP_A02_2018_LAS_7.laz,-54.94686649999998,-3.0869037331865776,-3.121208627,-3.130263574,-54.9845496,-54.99163432
119739,test,0,TAP_A02_2013_laz_2.laz,-54.94686649999998,-3.0869037331865776,-3.119352041,-3.128406821,-54.98440051,-54.99140219
119739,test,0,TAP_A02_2012_laz_2.laz,-54.94686649999998,-3.0869037331865776,-3.119351403,-3.12840709,-54.98439781,-54.99140129
119739,test,0,TAP_A02_2016_laz_6.laz,-54.94686649999998,-3.0869037331865776,-3.119350587,-3.128407182,-54.98439682,-54.99140192
119739,test,0,TAP_A03_2018_LAS_0.laz,-54.94686649999998,-3.0869037331865776,-3.126996556,-3.13605086,-54.9525924,-54.95931818
119739,test,0,TAP_A03_2018_LAS_11.laz,-54.94686649999998,-3.0869037331865776,-3.126985148,-3.136037694,-54.94678107,-54.95260987
119739,test,0,TAP_A03_2016_laz_10.laz,-54.94686649999998,-3.0869037331865776,-3.124254717,-3.128323731,-54.94786046,-54.94843078
119739,test,0,TAP_A03_2013_laz_16.laz,-54.94686649999998,-3.0869037331865776,-3.124251288,-3.128323279,-54.94786397,-54.94843088
119739,test,0,TAP_A03_2012_laz_7.laz,-54.94686649999998,-3.0869037331865776,-3.124246761,-3.128323281,-54.94786038,-54.94843224
119739,test,0,TAP_A02_2018_LAS_0.laz,-54.94686649999998,-3.0869037331865776,-3.121198247,-3.130249945,-54.97916767,-54.98456677
119739,test,0,TAP_A02_2012_laz_1.laz,-54.94686649999998,-3.0869037331865776,-3.119341063,-3.128393726,-54.97889339,-54.98442028
119739,test,0,TAP_A02_2013_laz_5.laz,-54.94686649999998,-3.0869037331865776,-3.119341423,-3.128393359,-54.97889258,-54.98441767
119739,test,0,TAP_A02_2016_laz_1.laz,-54.94686649999998,-3.0869037331865776,-3.1193407,-3.128393632,-54.97889285,-54.9844183
119739,test,0,TAP_A03_2013_laz_7.laz,-54.94686649999998,-3.0869037331865776,-3.119299748,-3.128346705,-54.95741734,-54.96039627
119739,test,0,TAP_A03_2016_laz_3.laz,-54.94686649999998,-3.0869037331865776,-3.119299114,-3.12834707,-54.95741653,-54.96039816
119739,test,0,TAP_A03_2012_laz_16.laz,-54.94686649999998,-3.0869037331865776,-3.119298387,-3.128346798,-54.95741474,-54.96039753
119739,test,0,TAP_A03_2016_laz_14.laz,-54.94686649999998,-3.0869037331865776,-3.1192818,-3.128341459,-54.94842216,-54.95743545
119739,test,0,TAP_A03_2013_laz_9.laz,-54.94686649999998,-3.0869037331865776,-3.119282163,-3.128340915,-54.94842306,-54.95743473
119739,test,0,TAP_A03_2012_laz_14.laz,-54.94686649999998,-3.0869037331865776,-3.119281344,-3.128341372,-54.94841991,-54.95743752
119739,test,0,TAP_A03_2018_LAS_3.laz,-54.94686649999998,-3.0869037331865776,-3.117955326,-3.127012033,-54.95260996,-54.96058457
119739,test,0,TAP_A03_2018_LAS_9.laz,-54.94686649999998,-3.0869037331865776,-3.117946399,-3.126996465,-54.94804771,-54.95262739
119739,test,0,TAP_A02_2018_LAS_2.laz,-54.94686649999998,-3.0869037331865776,-3.112154253,-3.121208536,-54.97782862,-54.98458398
119739,test,0,TAP_A02_2012_laz_5.laz,-54.94686649999998,-3.0869037331865776,-3.110296872,-3.119363403,-54.97759157,-54.99006298
119739,test,0,TAP_A02_2013_laz_7.laz,-54.94686649999998,-3.0869037331865776,-3.110297433,-3.11935195,-54.97755425,-54.98443487
119739,test,0,TAP_A02_2012_laz_4.laz,-54.94686649999998,-3.0869037331865776,-3.110297432,-3.11935195,-54.97755362,-54.98443478
119739,test,0,TAP_A02_2016_laz_3.laz,-54.94686649999998,-3.0869037331865776,-3.110296711,-3.119352312,-54.97755479,-54.98443505
119739,test,0,TAP_A03_2013_laz_13.laz,-54.94686649999998,-3.0869037331865776,-3.11025849,-3.119307808,-54.95743482,-54.96163418
119739,test,0,TAP_A03_2016_laz_8.laz,-54.94686649999998,-3.0869037331865776,-3.110257947,-3.119308174,-54.95743482,-54.96163625
119739,test,0,TAP_A03_2012_laz_8.laz,-54.94686649999998,-3.0869037331865776,-3.110256497,-3.119308174,-54.95743276,-54.96163626
119739,test,0,TAP_A03_2012_laz_10.laz,-54.94686649999998,-3.0869037331865776,-3.110240669,-3.119301472,-54.94912705,-54.95745505
119739,test,0,TAP_A03_2013_laz_11.laz,-54.94686649999998,-3.0869037331865776,-3.110242298,-3.119299658,-54.94912759,-54.95745216
119739,test,0,TAP_A03_2016_laz_11.laz,-54.94686649999998,-3.0869037331865776,-3.110241754,-3.119300111,-54.94912696,-54.95745288
119739,test,0,TAP_A03_2018_LAS_8.laz,-54.94686649999998,-3.0869037331865776,-3.109203504,-3.117972775,-54.95262748,-54.96163727
119739,test,0,TAP_A03_2018_LAS_2.laz,-54.94686649999998,-3.0869037331865776,-3.108908897,-3.117955235,-54.94931393,-54.95264485
119739,test,0,TAP_A03_2016_laz_9.laz,-54.94686649999998,-3.0869037331865776,-3.109883911,-3.110264079,-54.95745234,-54.96014223
119739,test,0,TAP_A03_2013_laz_3.laz,-54.94686649999998,-3.0869037331865776,-3.10988382,-3.110263625,-54.95745225,-54.96014115
119739,test,0,TAP_A03_2012_laz_2.laz,-54.94686649999998,-3.0869037331865776,-3.109883094,-3.110263886,-54.9574509,-54.96013576
119739,test,0,TAP_A03_2012_laz_4.laz,-54.94686649999998,-3.0869037331865776,-3.108910975,-3.110259035,-54.95039347,-54.95745635
119739,test,0,TAP_A03_2016_laz_7.laz,-54.94686649999998,-3.0869037331865776,-3.108910252,-3.110258852,-54.95039383,-54.95745491
119739,test,0,TAP_A03_2013_laz_2.laz,-54.94686649999998,-3.0869037331865776,-3.108910704,-3.110258399,-54.95039383,-54.95745473
119739,test,0,TAP_A02_2018_LAS_5.laz,-54.94686649999998,-3.0869037331865776,-3.105649697,-3.112167125,-54.97704117,-54.98459632
119739,test,0,TAP_A02_2012_laz_7.laz,-54.94686649999998,-3.0869037331865776,-3.105672571,-3.110310816,-54.9770448,-54.98444608
119739,test,0,TAP_A02_2016_laz_4.laz,-54.94686649999998,-3.0869037331865776,-3.105672122,-3.110310901,-54.97704642,-54.98444365
119739,test,0,TAP_A02_2013_laz_0.laz,-54.94686649999998,-3.0869037331865776,-3.105672121,-3.11031054,-54.97704579,-54.98444365
119739,test,0,TAP_A06_2018_LAS_2.laz,-54.94686649999998,-3.0869037331865776,-3.054658212,-3.054978687,-54.95050458,-54.95152399
119739,test,0,TAP_A06_2018_LAS_0.laz,-54.94686649999998,-3.0869037331865776,-3.04608913,-3.054663876,-54.94451579,-54.95352508
119739,test,0,TAP_A06_2008_laz_0.laz,-54.94686649999998,-3.0869037331865776,-3.045598786,-3.054982761,-54.94105426,-54.95352644
119739,test,0,TAP_A06_2008_17-01.laz,-54.94686649999998,-3.0869037331865776,-3.045598786,-3.054982761,-54.94105426,-54.95352644
119739,test,0,TAP_A06_2018_LAS_1.laz,-54.94686649999998,-3.0869037331865776,-3.045599512,-3.052555394,-54.94106002,-54.94453287
119739,test,0,TAP_A02_2018_LAS_4.laz,-54.94686649999998,-3.0869037331865776,-3.112167215,-3.121219603,-54.98456686,-54.99033775
119739,test,0,TAP_A02_2013_laz_6.laz,-54.94686649999998,-3.0869037331865776,-3.11031063,-3.11936277,-54.98441776,-54.99006325
119739,test,0,TAP_A02_2016_laz_5.laz,-54.94686649999998,-3.0869037331865776,-3.11030927,-3.119363132,-54.98441551,-54.99006325
119739,test,0,TAP_A02_2018_LAS_3.laz,-54.94686649999998,-3.0869037331865776,-3.105156504,-3.112175561,-54.98458407,-54.98899477
119739,test,0,TAP_A02_2016_laz_2.laz,-54.94686649999998,-3.0869037331865776,-3.105157024,-3.110319002,-54.98443433,-54.9887164
119739,test,0,TAP_A02_2012_laz_6.laz,-54.94686649999998,-3.0869037331865776,-3.105156028,-3.110319271,-54.98443325,-54.9887155
119739,test,0,TAP_A02_2013_laz_1.laz,-54.94686649999998,-3.0869037331865776,-3.105156212,-3.11031873,-54.98443496,-54.98871604
119842,test,0,PRG_A01_2013_P08a_laz_4.laz,-47.22217549999997,-3.0869037331865776,-3.126270917,-3.127954315,-47.23144831,-47.2351887
119842,test,0,PRG_A01_2013_P08b_laz_9.laz,-47.22217549999997,-3.0869037331865776,-3.126270007,-3.127954315,-47.23144822,-47.23519131
119842,test,0,PRG_A01_2013_P08b_laz_5.laz,-47.22217549999997,-3.0869037331865776,-3.122253695,-3.127973498,-47.22244654,-47.23145167
119842,test,0,PRG_A01_2013_P08a_laz_2.laz,-47.22217549999997,-3.0869037331865776,-3.122253424,-3.127973498,-47.22244663,-47.23145176
119842,test,0,PRG_A01_2013_P08a_laz_0.laz,-47.22217549999997,-3.0869037331865776,-3.118933395,-3.12426115,-47.21344641,-47.22245068
119842,test,0,PRG_A01_2013_P08b_laz_6.laz,-47.22217549999997,-3.0869037331865776,-3.118933395,-3.124260247,-47.21344632,-47.22245059
119842,test,0,PRG_A01_2013_P08b_laz_3.laz,-47.22217549999997,-3.0869037331865776,-3.118952445,-3.120241121,-47.21058584,-47.21344891
119842,test,0,PRG_A01_2013_P08a_laz_6.laz,-47.22217549999997,-3.0869037331865776,-3.118952445,-3.120240136,-47.21058161,-47.213449
119842,test,0,PRG_A01_2013_P08a_laz_7.laz,-47.22217549999997,-3.0869037331865776,-3.11826169,-3.118952355,-47.21344497,-47.21498083
119842,test,0,PRG_A01_2013_P08b_laz_2.laz,-47.22217549999997,-3.0869037331865776,-3.11826042,-3.118952355,-47.21344488,-47.21498272
119842,test,0,PRG_A01_2013_P08a_laz_9.laz,-47.22217549999997,-3.0869037331865776,-3.11423678,-3.118971328,-47.20444334,-47.21344632
119842,test,0,PRG_A01_2013_P08b_laz_1.laz,-47.22217549999997,-3.0869037331865776,-3.11423669,-3.118971328,-47.20444325,-47.21344623
119842,test,0,PRG_A01_2013_P08b_laz_0.laz,-47.22217549999997,-3.0869037331865776,-3.113228746,-3.116232877,-47.20141263,-47.20444726
119842,test,0,PRG_A01_2013_P08a_laz_8.laz,-47.22217549999997,-3.0869037331865776,-3.113229469,-3.116230884,-47.20141452,-47.20444734
120443,test,0,PRG_A01_2013_P11b_laz_8.laz,-47.37216949999996,-3.1619007146314893,-3.199887503,-3.204421576,-47.39348603,-47.40248921
120443,test,0,PRG_A01_2013_P11a_laz_8.laz,-47.37216949999996,-3.1619007146314893,-3.199887503,-3.204420762,-47.39348612,-47.4024893
120443,test,0,PRG_A01_2013_P11a_laz_7.laz,-47.37216949999996,-3.1619007146314893,-3.199908632,-3.200395115,-47.39240725,-47.39348715
120443,test,0,PRG_A01_2013_P11b_laz_7.laz,-47.37216949999996,-3.1619007146314893,-3.199908633,-3.200393941,-47.39240671,-47.39348706
120443,test,0,PRG_A01_2013_P11a_laz_3.laz,-47.37216949999996,-3.1619007146314893,-3.198413912,-3.199908542,-47.39348267,-47.39680724
120443,test,0,PRG_A01_2013_P11b_laz_0.laz,-47.37216949999996,-3.1619007146314893,-3.198413734,-3.199908542,-47.39348258,-47.39680607
120443,test,0,PRG_A01_2013_P11b_laz_2.laz,-47.37216949999996,-3.1619007146314893,-3.194391808,-3.199929593,-47.38448047,-47.39348594
120443,test,0,PRG_A01_2013_P11a_laz_5.laz,-47.37216949999996,-3.1619007146314893,-3.194391265,-3.199929592,-47.38448056,-47.39348603
120443,test,0,PRG_A01_2013_P11b_laz_1.laz,-47.37216949999996,-3.1619007146314893,-3.190890538,-3.19640575,-47.37547955,-47.38448493
120443,test,0,PRG_A01_2013_P11a_laz_4.laz,-47.37216949999996,-3.1619007146314893,-3.190890538,-3.196402767,-47.37547964,-47.38448502
120443,test,0,PRG_A01_2013_P11b_laz_3.laz,-47.37216949999996,-3.1619007146314893,-3.19091145,-3.192384108,-47.37221137,-47.37548283
120443,test,0,PRG_A01_2013_P11a_laz_6.laz,-47.37216949999996,-3.1619007146314893,-3.19091145,-3.192382129,-47.37220724,-47.37548291
120443,test,0,PRG_A01_2013_P11a_laz_2.laz,-47.37216949999996,-3.1619007146314893,-3.190403099,-3.190911359,-47.37547848,-47.37660284
120443,test,0,PRG_A01_2013_P11b_laz_6.laz,-47.37216949999996,-3.1619007146314893,-3.190401542,-3.190911359,-47.37547839,-47.37661157
120443,test,0,PRG_A01_2013_P11b_laz_4.laz,-47.37216949999996,-3.1619007146314893,-3.186375124,-3.190932193,-47.36647632,-47.37547946
120443,test,0,PRG_A01_2013_P11a_laz_0.laz,-47.37216949999996,-3.1619007146314893,-3.186375034,-3.190932193,-47.36647641,-47.37547955
120443,test,0,PRG_A01_2013_P11a_laz_1.laz,-47.37216949999996,-3.1619007146314893,-3.184686874,-3.188378576,-47.36190118,-47.36648083
120443,test,0,PRG_A01_2013_P11b_laz_5.laz,-47.37216949999996,-3.1619007146314893,-3.184677564,-3.188380204,-47.36190062,-47.36648075
120445,test,0,PRG_A01_2013_P08a_laz_5.laz,-47.22217549999997,-3.1619007146314893,-3.130282529,-3.133201354,-47.24045002,-47.24329995
120445,test,0,PRG_A01_2013_P08b_laz_7.laz,-47.22217549999997,-3.1619007146314893,-3.130280446,-3.133201535,-47.24044993,-47.24330175
120445,test,0,PRG_A01_2013_P08b_laz_8.laz,-47.22217549999997,-3.1619007146314893,-3.127935146,-3.132277037,-47.23145176,-47.24045403
120445,test,0,PRG_A01_2013_P08a_laz_3.laz,-47.22217549999997,-3.1619007146314893,-3.127935145,-3.132275952,-47.23145185,-47.24045412
120445,test,0,PRG_A01_2013_P08a_laz_1.laz,-47.22217549999997,-3.1619007146314893,-3.127954405,-3.128252604,-47.23079139,-47.23145239
120445,test,0,PRG_A01_2013_P08b_laz_4.laz,-47.22217549999997,-3.1619007146314893,-3.127954406,-3.128249712,-47.2307913,-47.2314523
120445,test,0,PRG_A01_2013_P08a_laz_4.laz,-47.22217549999997,-3.1619007146314893,-3.126270917,-3.127954315,-47.23144831,-47.2351887
120445,test,0,PRG_A01_2013_P08b_laz_9.laz,-47.22217549999997,-3.1619007146314893,-3.126270007,-3.127954315,-47.23144822,-47.23519131
120445,test,0,PRG_A01_2013_P08b_laz_5.laz,-47.22217549999997,-3.1619007146314893,-3.122253695,-3.127973498,-47.22244654,-47.23145167
120445,test,0,PRG_A01_2013_P08a_laz_2.laz,-47.22217549999997,-3.1619007146314893,-3.122253424,-3.127973498,-47.22244663,-47.23145176
120445,test,0,PRG_A01_2013_P08a_laz_0.laz,-47.22217549999997,-3.1619007146314893,-3.118933395,-3.12426115,-47.21344641,-47.22245068
120445,test,0,PRG_A01_2013_P08b_laz_6.laz,-47.22217549999997,-3.1619007146314893,-3.118933395,-3.124260247,-47.21344632,-47.22245059
120448,test,0,PRG_A01_2013_P06a_laz_1.laz,-46.997184499999975,-3.1619007146314897,-3.18518911,-3.189856505,-46.98872402,-46.99546518
120448,test,0,PRG_A01_2013_P06b_laz_7.laz,-46.997184499999975,-3.1619007146314897,-3.185186756,-3.189856506,-46.98872392,-46.99546689
120448,test,0,PRG_A01_2013_P06a_laz_0.laz,-46.997184499999975,-3.1619007146314897,-3.182694515,-3.187188311,-46.9797241,-46.98872771
120448,test,0,PRG_A01_2013_P06b_laz_8.laz,-46.997184499999975,-3.1619007146314897,-3.182694515,-3.187187859,-46.97972401,-46.98872762
120448,test,0,PRG_A01_2013_P06b_laz_2.laz,-46.997184499999975,-3.1619007146314897,-3.182711907,-3.183166473,-46.97871602,-46.97972479
120448,test,0,PRG_A01_2013_P06a_laz_7.laz,-46.997184499999975,-3.1619007146314897,-3.182711907,-3.183161581,-46.97872106,-46.97972487
120448,test,0,PRG_A01_2013_P06a_laz_2.laz,-46.997184499999975,-3.1619007146314897,-3.181187641,-3.182711816,-46.97972121,-46.98311454
120448,test,0,PRG_A01_2013_P06b_laz_6.laz,-46.997184499999975,-3.1619007146314897,-3.181185556,-3.182711816,-46.97972111,-46.9831176
120448,test,0,PRG_A01_2013_P06a_laz_5.laz,-46.997184499999975,-3.1619007146314897,-3.17716778,-3.182729129,-46.97071842,-46.97972401
120448,test,0,PRG_A01_2013_P06b_laz_3.laz,-46.997184499999975,-3.1619007146314897,-3.177166424,-3.182729129,-46.97071833,-46.97972392
120448,test,0,PRG_A01_2013_P06b_laz_4.laz,-46.997184499999975,-3.1619007146314897,-3.173687572,-3.179172,-46.96171657,-46.97072198
120448,test,0,PRG_A01_2013_P06a_laz_4.laz,-46.997184499999975,-3.1619007146314897,-3.173687572,-3.179170011,-46.96171666,-46.97072207
120448,test,0,PRG_A01_2013_P06a_laz_3.laz,-46.997184499999975,-3.1619007146314897,-3.173704757,-3.17515287,-46.9584928,-46.9617193
120448,test,0,PRG_A01_2013_P06b_laz_5.laz,-46.997184499999975,-3.1619007146314897,-3.173704757,-3.17515205,-46.95849577,-46.9617192
120448,test,0,PRG_A01_2013_P06a_laz_6.laz,-46.997184499999975,-3.1619007146314897,-3.173175643,-3.173704666,-46.96171567,-46.9628989
120448,test,0,PRG_A01_2013_P06b_laz_1.laz,-46.997184499999975,-3.1619007146314897,-3.173174468,-3.173704667,-46.96171558,-46.96289908
120448,test,0,PRG_A01_2013_P06b_laz_0.laz,-46.997184499999975,-3.1619007146314897,-3.169867732,-3.173720127,-46.95358169,-46.96171648
120448,test,0,PRG_A01_2013_P06a_laz_8.laz,-46.997184499999975,-3.1619007146314897,-3.169867732,-3.173720126,-46.95358223,-46.96171657
120449,test,0,PRG_A01_2013_P06b_laz_4.laz,-46.92218749999996,-3.1619007146314897,-3.173687572,-3.179172,-46.96171657,-46.97072198
120449,test,0,PRG_A01_2013_P06a_laz_4.laz,-46.92218749999996,-3.1619007146314897,-3.173687572,-3.179170011,-46.96171666,-46.97072207
120449,test,0,PRG_A01_2013_P06a_laz_3.laz,-46.92218749999996,-3.1619007146314897,-3.173704757,-3.17515287,-46.9584928,-46.9617193
120449,test,0,PRG_A01_2013_P06b_laz_5.laz,-46.92218749999996,-3.1619007146314897,-3.173704757,-3.17515205,-46.95849577,-46.9617192
120449,test,0,PRG_A01_2013_P06a_laz_6.laz,-46.92218749999996,-3.1619007146314897,-3.173175643,-3.173704666,-46.96171567,-46.9628989
120449,test,0,PRG_A01_2013_P06b_laz_1.laz,-46.92218749999996,-3.1619007146314897,-3.173174468,-3.173704667,-46.96171558,-46.96289908
120449,test,0,PRG_A01_2013_P06b_laz_0.laz,-46.92218749999996,-3.1619007146314897,-3.169867732,-3.173720127,-46.95358169,-46.96171648
120449,test,0,PRG_A01_2013_P06a_laz_8.laz,-46.92218749999996,-3.1619007146314897,-3.169867732,-3.173720126,-46.95358223,-46.96171657
